USE SistemaBancario;

INSERT INTO Clientes (CPF,NOME,ENDERECO,TELEFONE,DATADENASCIMENTO) VALUES (
'33027847082',
'Joao Leandro Souza Leite',
'Rua Mendez, Bairro Colecta, Cidade Norte, Numero 66',
'31987062266',
'21-7-1997' );

INSERT INTO Clientes (CPF,NOME,ENDERECO,TELEFONE,DATADENASCIMENTO) VALUES (
'38432401080',
'Maria Souza Almeida',
'Rua Juarez, Bairro Milão, Cidade Neomelia, Numero 45',
'31977862966',
'12-6-2000');

INSERT INTO Clientes (CPF,NOME,ENDERECO,TELEFONE,DATADENASCIMENTO) VALUES (
'89388059050',
'Pedro Albino Freitas Lopes',
'Rua Juarez, Bairro Milão, Cidade Neomelia, Numero 98',
'31977862966',
'2'
'22-3-2001');

INSERT INTO Agencias (CODIGO,NOME,ENDERECO,DATACRIACAO) VALUES(
123,
'Agencia22',
'Rua Aurora, Bairro Centro, Cidade Neomelia, Numero 123-C',
'6-4-2010 00:00:00');

INSERT INTO Agencias (CODIGO,NOME,ENDERECO,DATACRIACAO) VALUES(
188,
'Agencia25',
'Rua Ceu, Bairro Cidade Grande, Cidade Norte, Numero 455',
'2-8-2018');

INSERT INTO Contas (NUMERO,AGENCIA,SALDO,TIPO,CLIENTE_CPF) VALUES(
19887000,
188,
10000.98,
'Conta Corrente',
'330.278.470-82' 
);

INSERT INTO Contas (NUMERO,AGENCIA,SALDO,TIPO,CLIENTE_CPF) VALUES(
188974700, 
123,
4000.03,
'Conta Poupança',
'893.880.590-50'
);

Insert INTO Transacoes(ID,CONTA_NUMERO_ORIGEM ,CONTA_AGENCIA_ORIGEM ,CONTA_NUMERO_DESTINO,CONTA_AGENCIA_DESTINO,DATA_TRANSACAO,VALOR,TIPO)
VALUES(
0,
19887000,
188,
188974700,
123,
'26-9-2021',
10.00,
's'
);

Insert INTO Transacoes(ID,CONTA_NUMERO_ORIGEM ,CONTA_AGENCIA_ORIGEM ,CONTA_NUMERO_DESTINO,CONTA_AGENCIA_DESTINO,DATA_TRANSACAO,VALOR,TIPO)
VALUES(
1,
19887000,
188,
188974700,
123,
'4-10-2021',
50.00,
's'
);

Insert INTO Transacoes(ID,CONTA_NUMERO_ORIGEM ,CONTA_AGENCIA_ORIGEM ,CONTA_NUMERO_DESTINO,CONTA_AGENCIA_DESTINO,DATA_TRANSACAO,VALOR,TIPO)
VALUES(
2,
19887000,
188,
188974700,
123,
'12-10-2021',
56.80,
's'
);

Insert INTO Transacoes(ID,CONTA_NUMERO_ORIGEM ,CONTA_AGENCIA_ORIGEM ,CONTA_NUMERO_DESTINO,CONTA_AGENCIA_DESTINO,DATA_TRANSACAO,VALOR,TIPO)
VALUES(
3,
188974700,
123,
19887000,
188,
'24-10-2021',
679.00,
's'
);

Insert INTO Transacoes(ID,CONTA_NUMERO_ORIGEM ,CONTA_AGENCIA_ORIGEM ,CONTA_NUMERO_DESTINO,CONTA_AGENCIA_DESTINO,DATA_TRANSACAO,VALOR,TIPO)
VALUES(
4,
19887000,
188,
188974700,
123,
'30-10-2021',
69.00,
's'
);

Insert INTO Transacoes(ID,CONTA_NUMERO_ORIGEM ,CONTA_AGENCIA_ORIGEM ,CONTA_NUMERO_DESTINO,CONTA_AGENCIA_DESTINO,DATA_TRANSACAO,VALOR,TIPO)
VALUES(
5,
188974700,
123,
19887000,
188,
'3-11-2021',
9.00,
's'
);

Insert INTO Transacoes(ID,CONTA_NUMERO_ORIGEM ,CONTA_AGENCIA_ORIGEM ,CONTA_NUMERO_DESTINO,CONTA_AGENCIA_DESTINO,DATA_TRANSACAO,VALOR,TIPO)
VALUES(
6,
19887000,
188,
188974700,
123,
'12-11-2021',
59.00,
'd'
);
SELECT * from Agencias;

SELECT NOME from Clientes;

SELECT * from Contas
WHERE TIPO LIKE '%Poupança%';

SELECT * from Contas
WHERE AGENCIA = 123;

SELECT * from Transacoes
WHERE CONTA_NUMERO_ORIGEM = 19887000;

SELECT * from Transacoes
WHERE CONTA_NUMERO_ORIGEM = 19887000 AND CONTA_NUMERO_DESTINO = 188974700;
